neighborhood,day_segment
Kitsilano,1200am-1159am
Kitsilano,1200pm-1159pm
Kitsilano,1200am-1159am
Kitsilano,1200pm-1159pm
Kitsilano,1200am-1159am
Kitsilano,1200pm-1159pm
Kitsilano,1200am-1159am
Kitsilano,1200pm-1159pm
Kitsilano,1200am-1159am
Kitsilano,1200pm-1159pm
Kitsilano,1200am-1159am
Kitsilano,1200pm-1159pm
Kitsilano,1200am-1159am
Kitsilano,1200pm-1159pm
Victoria-Fraserview,1200am-1159am
Victoria-Fraserview,1200pm-1159pm
Victoria-Fraserview,1200am-1159am
Victoria-Fraserview,1200pm-1159pm
Victoria-Fraserview,1200am-1159am
Victoria-Fraserview,1200pm-1159pm
Victoria-Fraserview,1200am-1159am
Victoria-Fraserview,1200pm-1159pm
Victoria-Fraserview,1200am-1159am
Victoria-Fraserview,1200pm-1159pm
Victoria-Fraserview,1200am-1159am
Victoria-Fraserview,1200pm-1159pm
Victoria-Fraserview,1200am-1159am
Victoria-Fraserview,1200pm-1159pm
West End,1200am-1159am
West End,1200pm-1159pm
West End,1200am-1159am
West End,1200pm-1159pm
West End,1200am-1159am
West End,1200pm-1159pm
West End,1200am-1159am
West End,1200pm-1159pm
West End,1200am-1159am
West End,1200pm-1159pm
West End,1200am-1159am
West End,1200pm-1159pm
West End,1200am-1159am
West End,1200pm-1159pm
Riley Park,1200am-1159am
Riley Park,1200pm-1159pm
Riley Park,1200am-1159am
Riley Park,1200pm-1159pm
Riley Park,1200am-1159am
Riley Park,1200pm-1159pm
Riley Park,1200am-1159am
Riley Park,1200pm-1159pm
Riley Park,1200am-1159am
Riley Park,1200pm-1159pm
Riley Park,1200am-1159am
Riley Park,1200pm-1159pm
Riley Park,1200am-1159am
Riley Park,1200pm-1159pm
Kerrisdale,1200am-1159am
Kerrisdale,1200pm-1159pm
Kerrisdale,1200am-1159am
Kerrisdale,1200pm-1159pm
Kerrisdale,1200am-1159am
Kerrisdale,1200pm-1159pm
Kerrisdale,1200am-1159am
Kerrisdale,1200pm-1159pm
Kerrisdale,1200am-1159am
Kerrisdale,1200pm-1159pm
Kerrisdale,1200am-1159am
Kerrisdale,1200pm-1159pm
Kerrisdale,1200am-1159am
Kerrisdale,1200pm-1159pm
Dunbar-Southlands,1200am-1159am
Dunbar-Southlands,1200pm-1159pm
Dunbar-Southlands,1200am-1159am
Dunbar-Southlands,1200pm-1159pm
Dunbar-Southlands,1200am-1159am
Dunbar-Southlands,1200pm-1159pm
Dunbar-Southlands,1200am-1159am
Dunbar-Southlands,1200pm-1159pm
Dunbar-Southlands,1200am-1159am
Dunbar-Southlands,1200pm-1159pm
Dunbar-Southlands,1200am-1159am
Dunbar-Southlands,1200pm-1159pm
Dunbar-Southlands,1200am-1159am
Dunbar-Southlands,1200pm-1159pm
Sunset,1200am-1159am
Sunset,1200pm-1159pm
Sunset,1200am-1159am
Sunset,1200pm-1159pm
Sunset,1200am-1159am
Sunset,1200pm-1159pm
Sunset,1200am-1159am
Sunset,1200pm-1159pm
Sunset,1200am-1159am
Sunset,1200pm-1159pm
Sunset,1200am-1159am
Sunset,1200pm-1159pm
Sunset,1200am-1159am
Sunset,1200pm-1159pm
Arbutus Ridge,1200am-1159am
Arbutus Ridge,1200pm-1159pm
Arbutus Ridge,1200am-1159am
Arbutus Ridge,1200pm-1159pm
Arbutus Ridge,1200am-1159am
Arbutus Ridge,1200pm-1159pm
Arbutus Ridge,1200am-1159am
Arbutus Ridge,1200pm-1159pm
Arbutus Ridge,1200am-1159am
Arbutus Ridge,1200pm-1159pm
Arbutus Ridge,1200am-1159am
Arbutus Ridge,1200pm-1159pm
Arbutus Ridge,1200am-1159am
Arbutus Ridge,1200pm-1159pm
Marpole,1200am-1159am
Marpole,1200pm-1159pm
Marpole,1200am-1159am
Marpole,1200pm-1159pm
Marpole,1200am-1159am
Marpole,1200pm-1159pm
Marpole,1200am-1159am
Marpole,1200pm-1159pm
Marpole,1200am-1159am
Marpole,1200pm-1159pm
Marpole,1200am-1159am
Marpole,1200pm-1159pm
Marpole,1200am-1159am
Marpole,1200pm-1159pm
Shaughnessy,1200am-1159am
Shaughnessy,1200pm-1159pm
Shaughnessy,1200am-1159am
Shaughnessy,1200pm-1159pm
Shaughnessy,1200am-1159am
Shaughnessy,1200pm-1159pm
Shaughnessy,1200am-1159am
Shaughnessy,1200pm-1159pm
Shaughnessy,1200am-1159am
Shaughnessy,1200pm-1159pm
Shaughnessy,1200am-1159am
Shaughnessy,1200pm-1159pm
Shaughnessy,1200am-1159am
Shaughnessy,1200pm-1159pm
Killarney,1200am-1159am
Killarney,1200pm-1159pm
Killarney,1200am-1159am
Killarney,1200pm-1159pm
Killarney,1200am-1159am
Killarney,1200pm-1159pm
Killarney,1200am-1159am
Killarney,1200pm-1159pm
Killarney,1200am-1159am
Killarney,1200pm-1159pm
Killarney,1200am-1159am
Killarney,1200pm-1159pm
Killarney,1200am-1159am
Killarney,1200pm-1159pm
Fairview,1200am-1159am
Fairview,1200pm-1159pm
Fairview,1200am-1159am
Fairview,1200pm-1159pm
Fairview,1200am-1159am
Fairview,1200pm-1159pm
Fairview,1200am-1159am
Fairview,1200pm-1159pm
Fairview,1200am-1159am
Fairview,1200pm-1159pm
Fairview,1200am-1159am
Fairview,1200pm-1159pm
Fairview,1200am-1159am
Fairview,1200pm-1159pm
Mount Pleasant,1200am-1159am
Mount Pleasant,1200pm-1159pm
Mount Pleasant,1200am-1159am
Mount Pleasant,1200pm-1159pm
Mount Pleasant,1200am-1159am
Mount Pleasant,1200pm-1159pm
Mount Pleasant,1200am-1159am
Mount Pleasant,1200pm-1159pm
Mount Pleasant,1200am-1159am
Mount Pleasant,1200pm-1159pm
Mount Pleasant,1200am-1159am
Mount Pleasant,1200pm-1159pm
Mount Pleasant,1200am-1159am
Mount Pleasant,1200pm-1159pm
Grandview Woodland,1200am-1159am
Grandview Woodland,1200pm-1159pm
Grandview Woodland,1200am-1159am
Grandview Woodland,1200pm-1159pm
Grandview Woodland,1200am-1159am
Grandview Woodland,1200pm-1159pm
Grandview Woodland,1200am-1159am
Grandview Woodland,1200pm-1159pm
Grandview Woodland,1200am-1159am
Grandview Woodland,1200pm-1159pm
Grandview Woodland,1200am-1159am
Grandview Woodland,1200pm-1159pm
Grandview Woodland,1200am-1159am
Grandview Woodland,1200pm-1159pm
Renfrew-Collingwood,1200am-1159am
Renfrew-Collingwood,1200pm-1159pm
Renfrew-Collingwood,1200am-1159am
Renfrew-Collingwood,1200pm-1159pm
Renfrew-Collingwood,1200am-1159am
Renfrew-Collingwood,1200pm-1159pm
Renfrew-Collingwood,1200am-1159am
Renfrew-Collingwood,1200pm-1159pm
Renfrew-Collingwood,1200am-1159am
Renfrew-Collingwood,1200pm-1159pm
Renfrew-Collingwood,1200am-1159am
Renfrew-Collingwood,1200pm-1159pm
Renfrew-Collingwood,1200am-1159am
Renfrew-Collingwood,1200pm-1159pm
Hastings-Sunrise,1200am-1159am
Hastings-Sunrise,1200pm-1159pm
Hastings-Sunrise,1200am-1159am
Hastings-Sunrise,1200pm-1159pm
Hastings-Sunrise,1200am-1159am
Hastings-Sunrise,1200pm-1159pm
Hastings-Sunrise,1200am-1159am
Hastings-Sunrise,1200pm-1159pm
Hastings-Sunrise,1200am-1159am
Hastings-Sunrise,1200pm-1159pm
Hastings-Sunrise,1200am-1159am
Hastings-Sunrise,1200pm-1159pm
Hastings-Sunrise,1200am-1159am
Hastings-Sunrise,1200pm-1159pm
Kensington-Cedar Cottage,1200am-1159am
Kensington-Cedar Cottage,1200pm-1159pm
Kensington-Cedar Cottage,1200am-1159am
Kensington-Cedar Cottage,1200pm-1159pm
Kensington-Cedar Cottage,1200am-1159am
Kensington-Cedar Cottage,1200pm-1159pm
Kensington-Cedar Cottage,1200am-1159am
Kensington-Cedar Cottage,1200pm-1159pm
Kensington-Cedar Cottage,1200am-1159am
Kensington-Cedar Cottage,1200pm-1159pm
Kensington-Cedar Cottage,1200am-1159am
Kensington-Cedar Cottage,1200pm-1159pm
Kensington-Cedar Cottage,1200am-1159am
Kensington-Cedar Cottage,1200pm-1159pm
West Point Grey,1200am-1159am
West Point Grey,1200pm-1159pm
West Point Grey,1200am-1159am
West Point Grey,1200pm-1159pm
West Point Grey,1200am-1159am
West Point Grey,1200pm-1159pm
West Point Grey,1200am-1159am
West Point Grey,1200pm-1159pm
West Point Grey,1200am-1159am
West Point Grey,1200pm-1159pm
West Point Grey,1200am-1159am
West Point Grey,1200pm-1159pm
West Point Grey,1200am-1159am
West Point Grey,1200pm-1159pm
South Cambie,1200am-1159am
South Cambie,1200pm-1159pm
South Cambie,1200am-1159am
South Cambie,1200pm-1159pm
South Cambie,1200am-1159am
South Cambie,1200pm-1159pm
South Cambie,1200am-1159am
South Cambie,1200pm-1159pm
South Cambie,1200am-1159am
South Cambie,1200pm-1159pm
South Cambie,1200am-1159am
South Cambie,1200pm-1159pm
South Cambie,1200am-1159am
South Cambie,1200pm-1159pm
Stanley Park,1200am-1159am
Stanley Park,1200pm-1159pm
Stanley Park,1200am-1159am
Stanley Park,1200pm-1159pm
Stanley Park,1200am-1159am
Stanley Park,1200pm-1159pm
Stanley Park,1200am-1159am
Stanley Park,1200pm-1159pm
Stanley Park,1200am-1159am
Stanley Park,1200pm-1159pm
Stanley Park,1200am-1159am
Stanley Park,1200pm-1159pm
Stanley Park,1200am-1159am
Stanley Park,1200pm-1159pm
Oakridge,1200am-1159am
Oakridge,1200pm-1159pm
Oakridge,1200am-1159am
Oakridge,1200pm-1159pm
Oakridge,1200am-1159am
Oakridge,1200pm-1159pm
Oakridge,1200am-1159am
Oakridge,1200pm-1159pm
Oakridge,1200am-1159am
Oakridge,1200pm-1159pm
Oakridge,1200am-1159am
Oakridge,1200pm-1159pm
Oakridge,1200am-1159am
Oakridge,1200pm-1159pm
Musqueam,1200am-1159am
Musqueam,1200pm-1159pm
Musqueam,1200am-1159am
Musqueam,1200pm-1159pm
Musqueam,1200am-1159am
Musqueam,1200pm-1159pm
Musqueam,1200am-1159am
Musqueam,1200pm-1159pm
Musqueam,1200am-1159am
Musqueam,1200pm-1159pm
Musqueam,1200am-1159am
Musqueam,1200pm-1159pm
Musqueam,1200am-1159am
Musqueam,1200pm-1159pm
Strathcona,1200am-1159am
Strathcona,1200pm-1159pm
Strathcona,1200am-1159am
Strathcona,1200pm-1159pm
Strathcona,1200am-1159am
Strathcona,1200pm-1159pm
Strathcona,1200am-1159am
Strathcona,1200pm-1159pm
Strathcona,1200am-1159am
Strathcona,1200pm-1159pm
Strathcona,1200am-1159am
Strathcona,1200pm-1159pm
Strathcona,1200am-1159am
Strathcona,1200pm-1159pm